Precision,sparse,mid,dense
exact,0.7066666666666667,0.49666666666666676,0.6
almost,0.7066666666666667,0.49666666666666676,0.6
