Precision,sparse,mid,dense
exact,0.7544444444444444,0.8583333333333334,0.9011111111111111
almost,0.7544444444444444,0.8583333333333334,0.9011111111111111
