Precision,sparse,mid,dense
exact,0.7366666666666667,0.6433333333333333,0.6383333333333333
almost,0.7366666666666667,0.6433333333333333,0.6383333333333333
