Precision,sparse,mid,dense
exact,0.8016666666666667,0.7655555555555554,0.7594444444444445
almost,0.8016666666666667,0.7655555555555554,0.7594444444444445
