Precision,sparse,mid,dense
exact,0.7696666666666667,0.7723333333333334,0.8406666666666668
almost,0.7696666666666667,0.7723333333333334,0.8406666666666668
