Precision,sparse,mid,dense
exact,0.6449999999999999,0.7566666666666667,0.7716666666666666
almost,0.6449999999999999,0.7566666666666667,0.7716666666666666
