Precision,sparse,mid,dense
exact,0.8904166666666665,0.8129166666666667,0.8633333333333333
almost,0.8904166666666665,0.8129166666666667,0.8633333333333333
