Precision,sparse,mid,dense
exact,0.8616666666666667,0.8970833333333333,0.8645833333333334
almost,0.8616666666666667,0.8970833333333333,0.8645833333333334
