Precision,sparse,mid,dense
exact,0.8540000000000001,0.875,0.8573333333333334
almost,0.8540000000000001,0.875,0.8573333333333334
