Precision,sparse,mid,dense
exact,0.655,0.09666666666666666,0.04666666666666667
almost,0.655,0.09666666666666666,0.04666666666666667
