Precision,sparse,mid,dense
exact,0.6733333333333333,0.5716666666666667,0.6133333333333333
almost,0.6733333333333333,0.5716666666666667,0.6133333333333333
