Precision,sparse,mid,dense
exact,0.6483333333333333,0.6883333333333334,0.755
almost,0.6483333333333333,0.6883333333333334,0.755
