Precision,sparse,mid,dense
exact,0.7211111111111111,0.8916666666666666,0.7922222222222223
almost,0.7211111111111111,0.8916666666666666,0.7922222222222223
