Precision,sparse,mid,dense
exact,0.6833333333333332,0.85,0.6133333333333333
almost,0.6833333333333332,0.85,0.6133333333333333
