Precision,sparse,mid,dense
exact,0.54,0.805,0.8291666666666667
almost,0.54,0.805,0.8291666666666667
