Precision,sparse,mid,dense
exact,0.7666666666666666,0.7755555555555556,0.7616666666666667
almost,0.7666666666666666,0.7755555555555556,0.7616666666666667
