Precision,sparse,mid,dense
exact,0.8795833333333333,0.8537500000000001,0.8791666666666668
almost,0.8795833333333333,0.8537500000000001,0.8791666666666668
