Precision,sparse,mid,dense
exact,0.6466666666666666,0.6033333333333334,0.6433333333333333
almost,0.6466666666666666,0.6033333333333334,0.6433333333333333
