Precision,sparse,mid,dense
exact,0.6583333333333333,0.6166666666666667,0.6316666666666667
almost,0.6583333333333333,0.6166666666666667,0.6316666666666667
