Precision,sparse,mid,dense
exact,0.695,0.5216666666666666,0.6066666666666666
almost,0.695,0.5216666666666666,0.6066666666666666
