Precision,sparse,mid,dense
exact,0.895,0.8569999999999999,0.847
almost,0.895,0.8569999999999999,0.847
