Precision,sparse,mid,dense
exact,0.6166666666666667,0.515,0.4533333333333333
almost,0.6166666666666667,0.515,0.4533333333333333
