Precision,sparse,mid,dense
exact,0.8224999999999999,0.8420833333333334,0.80875
almost,0.8224999999999999,0.8420833333333334,0.80875
