Precision,sparse,mid,dense
exact,0.6616666666666667,0.6883333333333334,0.7000000000000001
almost,0.6616666666666667,0.6883333333333334,0.7000000000000001
