Precision,sparse,mid,dense
exact,0.5099999999999999,0.21333333333333335,0.16833333333333333
almost,0.5099999999999999,0.21333333333333335,0.16833333333333333
