Precision,sparse,mid,dense
exact,0.82,0.6008333333333333,0.595
almost,0.82,0.6008333333333333,0.595
