Precision,sparse,mid,dense
exact,0.6366666666666667,0.16166666666666665,0.17166666666666666
almost,0.6366666666666667,0.16166666666666665,0.17166666666666666
