Precision,sparse,mid,dense
exact,0.6683333333333333,0.7566666666666667,0.59
almost,0.6683333333333333,0.7566666666666667,0.59
