Precision,sparse,mid,dense
exact,0.8826666666666667,0.8596666666666667,0.8773333333333334
almost,0.8826666666666667,0.8596666666666667,0.8773333333333334
