Precision,sparse,mid,dense
exact,0.4483333333333333,0.7166666666666667,0.6750000000000002
almost,0.4483333333333333,0.7166666666666667,0.6750000000000002
