Precision,sparse,mid,dense
exact,0.8516666666666667,0.6483333333333333,0.71
almost,0.8516666666666667,0.6483333333333333,0.71
