Precision,sparse,mid,dense
exact,0.5866666666666666,0.5566666666666666,0.66
almost,0.5866666666666666,0.5566666666666666,0.66
