Precision,sparse,mid,dense
exact,0.7600000000000001,0.6183333333333333,0.805
almost,0.7600000000000001,0.6183333333333333,0.805
