Precision,sparse,mid,dense
exact,0.7733333333333333,0.6466666666666666,0.5183333333333333
almost,0.7733333333333333,0.6466666666666666,0.5183333333333333
