Precision,sparse,mid,dense
exact,0.5766666666666667,0.8683333333333333,0.4683333333333333
almost,0.5766666666666667,0.8683333333333333,0.4683333333333333
