Precision,sparse,mid,dense
exact,0.5066666666666667,0.8566666666666666,0.8416666666666668
almost,0.5066666666666667,0.8566666666666666,0.8416666666666668
