Precision,sparse,mid,dense
exact,0.7966666666666665,0.07,0.125
almost,0.7966666666666665,0.07,0.125
