Precision,sparse,mid,dense
exact,0.5933333333333334,0.5458333333333333,0.7566666666666667
almost,0.5933333333333334,0.5458333333333333,0.7566666666666667
